id,cat0,cat1,cat2,cat3,cat4,cat5,cat6,cat7,cat8,cat9,cat10,cat11,cat12,cat13,cat14,cat15,cat16,cat17,cat18,cont0,cont1,cont2,cont3,cont4,cont5,cont6,cont7,cont8,cont9,cont10,target
0,A,I,A,B,B,BI,A,S,Q,A,LO,A,A,A,A,B,D,D,B,0.6298580932886344,0.8553490496453626,0.7594386994154677,0.795549256871245,0.6819172514031219,0.6216718236057862,0.5921843772206821,0.7919207159113629,0.8152537462248601,0.965006328742958,0.6659151198639575,0
,A,I,A,A,E,BI,K,W,AD,F,HJ,A,B,A,B,D,B,D,B,0.37072710368935663,0.32892942328506936,0.3863848396544993,0.5413662314603979,0.3889824529295912,0.3577782607273347,0.6000435979273233,0.4087010629559668,0.39935257249894734,0.9274058250023683,0.4937292188969079,0
2,,K,A,A,E,BI,A,E,BM,L,DJ,A,B,A,A,B,D,D,B,0.5022716956789236,0.32274884251498537,0.3432547395332873,0.6163515586940255,0.7936867983255183,0.5528768777542055,0.35211338219817845,0.3888348567776837,0.41230312338993824,0.29269552318731995,0.5494523936681402,0
3,A,,,C,E,BI,A,Y,AD,F,KV,A,A,A,A,B,D,D,B,0.9342419625918952,0.7076629049417019,0.8311474036179455,0.8078069371023433,0.8000324403509642,0.6191471898696493,0.22178892366843675,0.8976170717085774,0.633669267047496,0.7603181927175735,0.9342422730322448,0
